<?xml version="1.0" encoding="UTF-8"?>
<root>
  <item name="pl.rafalmanka.scrollcalendar.data.CalendarDay int getState()">
    <annotation name="android.support.annotation.IntDef">
      <val name="value" val="{pl.rafalmanka.scrollcalendar.data.CalendarDay.DEFAULT, pl.rafalmanka.scrollcalendar.data.CalendarDay.DISABLED, pl.rafalmanka.scrollcalendar.data.CalendarDay.TODAY, pl.rafalmanka.scrollcalendar.data.CalendarDay.UNAVAILABLE, pl.rafalmanka.scrollcalendar.data.CalendarDay.SELECTED}" />
    </annotation>
  </item>
  <item name="pl.rafalmanka.scrollcalendar.data.CalendarDay state">
    <annotation name="android.support.annotation.IntDef">
      <val name="value" val="{pl.rafalmanka.scrollcalendar.data.CalendarDay.DEFAULT, pl.rafalmanka.scrollcalendar.data.CalendarDay.DISABLED, pl.rafalmanka.scrollcalendar.data.CalendarDay.TODAY, pl.rafalmanka.scrollcalendar.data.CalendarDay.UNAVAILABLE, pl.rafalmanka.scrollcalendar.data.CalendarDay.SELECTED}" />
    </annotation>
  </item>
  <item name="pl.rafalmanka.scrollcalendar.data.CalendarDay void setState(int) 0">
    <annotation name="android.support.annotation.IntDef">
      <val name="value" val="{pl.rafalmanka.scrollcalendar.data.CalendarDay.DEFAULT, pl.rafalmanka.scrollcalendar.data.CalendarDay.DISABLED, pl.rafalmanka.scrollcalendar.data.CalendarDay.TODAY, pl.rafalmanka.scrollcalendar.data.CalendarDay.UNAVAILABLE, pl.rafalmanka.scrollcalendar.data.CalendarDay.SELECTED}" />
    </annotation>
  </item>
</root>

