<?xml version="1.0" encoding="UTF-8"?>
<root>
  <item name="pl.rafalmanka.scrollcalendar.contract.ScrollCalendarCallback int getStateForDate(int, int, int)">
    <annotation name="android.support.annotation.IntDef">
      <val name="value" val="{pl.rafalmanka.scrollcalendar.data.CalendarDay.DEFAULT, pl.rafalmanka.scrollcalendar.data.CalendarDay.DISABLED, pl.rafalmanka.scrollcalendar.data.CalendarDay.TODAY, pl.rafalmanka.scrollcalendar.data.CalendarDay.UNAVAILABLE, pl.rafalmanka.scrollcalendar.data.CalendarDay.SELECTED}" />
    </annotation>
  </item>
  <item name="pl.rafalmanka.scrollcalendar.contract.State">
    <annotation name="android.support.annotation.IntDef">
      <val name="value" val="{pl.rafalmanka.scrollcalendar.data.CalendarDay.DEFAULT, pl.rafalmanka.scrollcalendar.data.CalendarDay.DISABLED, pl.rafalmanka.scrollcalendar.data.CalendarDay.TODAY, pl.rafalmanka.scrollcalendar.data.CalendarDay.UNAVAILABLE, pl.rafalmanka.scrollcalendar.data.CalendarDay.SELECTED}" />
    </annotation>
  </item>
</root>

